datetime,city,temperature_2m,relative_humidity_2m,precipitation,wind_speed_10m,AQHI
2025-10-20T01:00:00Z,Calgary,5.7,77,0,6.5,2.36
2025-10-20T02:00:00Z,Calgary,4.7,74,0,2.8,2.39
2025-10-20T03:00:00Z,Calgary,4,70,0,5.1,2.52
2025-10-20T04:00:00Z,Calgary,3.5,73,0,5.1,2.7
2025-10-20T05:00:00Z,Calgary,3.9,75,0,9.7,2.59
2025-10-20T06:00:00Z,Calgary,3.5,73,0,9.7,2.32
2025-10-20T07:00:00Z,Calgary,2.5,73,0,8.7,2.04
2025-10-20T08:00:00Z,Calgary,1.4,74,0,6.6,1.99
2025-10-20T09:00:00Z,Calgary,0.4,79,0,5.6,2.03
2025-10-20T10:00:00Z,Calgary,0.6,74,0,9.8,2.01
2025-10-20T11:00:00Z,Calgary,0.9,77,0,18.3,2.22
2025-10-20T12:00:00Z,Calgary,1,76,0,8.7,2.21
2025-10-20T13:00:00Z,Calgary,1.6,69,0,14.8,2.27
2025-10-20T14:00:00Z,Calgary,1.6,63,0,14.6,1.99
2025-10-20T15:00:00Z,Calgary,1.7,65,0,12,2.19
2025-10-20T16:00:00Z,Calgary,3.7,59,0,13.6,2.19
2025-10-20T17:00:00Z,Calgary,5.5,56,0,9.8,2
2025-10-20T18:00:00Z,Calgary,7.1,54,0,6.5,1.87
2025-10-20T19:00:00Z,Calgary,8.2,49,0,1.8,1.84
2025-10-20T20:00:00Z,Calgary,8.6,51,0,10.1,1.9
2025-10-20T21:00:00Z,Calgary,9.2,53,0,13,2
2025-10-20T22:00:00Z,Calgary,10.7,35,0,10.5,2.08
2025-10-20T23:00:00Z,Calgary,10.2,36,0,10.5,2.12
2025-10-21T00:00:00Z,Calgary,8.3,42,0,4.2,2.18
2025-10-21T01:00:00Z,Calgary,6.8,40,0,4.7,2.26
2025-10-21T02:00:00Z,Calgary,5.6,39,0,6.2,2.45
2025-10-21T03:00:00Z,Calgary,6.4,33,0,4.6,2.68
2025-10-21T04:00:00Z,Calgary,3.5,49,0,9.5,2.87
2025-10-21T05:00:00Z,Calgary,5,49,0,6.7,2.94
2025-10-21T06:00:00Z,Calgary,5.5,46,0,5,2.84
2025-10-21T07:00:00Z,Calgary,5.4,53,0,5.5,2.7
2025-10-21T08:00:00Z,Calgary,6.1,45,0,9.3,2.59
2025-10-21T09:00:00Z,Calgary,7.5,43,0,23.2,2.55
2025-10-21T10:00:00Z,Calgary,7.8,44,0,18.6,2.67
2025-10-21T11:00:00Z,Calgary,7.9,42,0,14.3,2.71
2025-10-21T12:00:00Z,Calgary,6.8,46,0,5.9,2.89
2025-10-21T13:00:00Z,Calgary,3.6,55,0,17.5,3.04
2025-10-21T14:00:00Z,Calgary,3.7,53,0,8.7,3.2
2025-10-21T15:00:00Z,Calgary,4,53,0,5.2,3.43
2025-10-21T16:00:00Z,Calgary,8.3,45,0,12.1,3.62
2025-10-21T17:00:00Z,Calgary,11,35,0,26.1,3.6
2025-10-21T18:00:00Z,Calgary,12.1,30,0,24.1,3.1
2025-10-21T19:00:00Z,Calgary,13,29,0,23.9,2.7
2025-10-21T20:00:00Z,Calgary,13.5,25,0,25.2,2.42
2025-10-21T21:00:00Z,Calgary,13.4,25,0,24.5,2.44
2025-10-21T22:00:00Z,Calgary,13.4,25,0,21.4,2.47
2025-10-21T23:00:00Z,Calgary,13,25,0,19.2,2.5
2025-10-22T00:00:00Z,Calgary,11,29,0,18.8,2.47
2025-10-22T01:00:00Z,Calgary,8.9,33,0,14.6,2.44
2025-10-22T02:00:00Z,Calgary,7.6,35,0,15.9,2.46
2025-10-22T03:00:00Z,Calgary,7.9,34,0,23.4,2.47
2025-10-22T04:00:00Z,Calgary,7.4,35,0,15.1,2.54
2025-10-22T05:00:00Z,Calgary,5.9,42,0,12,2.57
2025-10-22T06:00:00Z,Calgary,4.3,45,0,7.3,2.56
2025-10-22T07:00:00Z,Calgary,3.1,45,0,7.9,2.52
2025-10-22T08:00:00Z,Calgary,2.6,42,0,8.9,2.49
2025-10-22T09:00:00Z,Calgary,1.7,45,0,6.8,2.48
2025-10-22T10:00:00Z,Calgary,0.7,50,0,2.3,2.4
2025-10-22T11:00:00Z,Calgary,-0.2,56,0,7.2,2.53
2025-10-22T12:00:00Z,Calgary,-1.6,68,0,10.5,2.58
2025-10-22T13:00:00Z,Calgary,-2.4,65,0,8.9,2.78
2025-10-22T14:00:00Z,Calgary,-2,64,0,11.9,2.94
2025-10-22T15:00:00Z,Calgary,0.2,60,0,9.4,3.1
2025-10-22T16:00:00Z,Calgary,3.6,56,0,1.1,3.34
2025-10-22T17:00:00Z,Calgary,6.4,44,0,6.6,3.16
2025-10-22T18:00:00Z,Calgary,9.1,37,0,10.1,3.36
2025-10-22T19:00:00Z,Calgary,11.2,36,0,10,3.07
2025-10-22T20:00:00Z,Calgary,12.4,36,0,11.4,2.82
2025-10-22T21:00:00Z,Calgary,13.7,32,0,12.8,2.62
2025-10-22T22:00:00Z,Calgary,14.6,28,0,12.8,2.67
2025-10-22T23:00:00Z,Calgary,14.2,31,0,11.4,2.74
2025-10-23T00:00:00Z,Calgary,12.2,33,0,5.2,2.83
2025-10-23T01:00:00Z,Calgary,9.1,40,0,9.7,2.95
2025-10-23T02:00:00Z,Calgary,7.1,50,0,0.5,3.36
2025-10-23T03:00:00Z,Calgary,6.5,48,0,4.5,3.5
2025-10-23T04:00:00Z,Calgary,5.7,43,0,5.8,3.41
2025-10-23T05:00:00Z,Calgary,5.1,49,0,1.1,3.62
2025-10-23T06:00:00Z,Calgary,6.9,40,0,15.6,3.51
2025-10-23T07:00:00Z,Calgary,6.5,43,0,6.1,3.27
2025-10-23T08:00:00Z,Calgary,9,38,0,13.6,3
2025-10-23T09:00:00Z,Calgary,8.9,46,0,22.7,2.73
2025-10-23T10:00:00Z,Calgary,9.6,37,0,28.4,2.63
2025-10-23T11:00:00Z,Calgary,9.7,30,0,30.3,2.55
2025-10-23T12:00:00Z,Calgary,8.9,30,0,20.8,2.68
2025-10-23T13:00:00Z,Calgary,8.7,33,0,21.9,2.7
2025-10-23T14:00:00Z,Calgary,8.6,30,0,21,2.67
2025-10-23T15:00:00Z,Calgary,8.8,33,0,23.8,2.77
2025-10-23T16:00:00Z,Calgary,10.7,33,0,14.1,2.88
2025-10-23T17:00:00Z,Calgary,12,30,0,15.7,2.85
2025-10-23T18:00:00Z,Calgary,13.8,25,0,12,2.76
2025-10-23T19:00:00Z,Calgary,15,22,0,10.9,2.64
2025-10-23T20:00:00Z,Calgary,15.8,22,0,17,2.57
2025-10-23T21:00:00Z,Calgary,16.1,23,0,9.1,2.54
2025-10-23T22:00:00Z,Calgary,16.3,23,0,14.2,2.53
2025-10-23T23:00:00Z,Calgary,15.6,28,0,16.7,2.51
2025-10-24T00:00:00Z,Calgary,13.5,32,0,10.8,2.53
2025-10-24T01:00:00Z,Calgary,12,32,0,7.4,2.65
2025-10-24T02:00:00Z,Calgary,10.9,31,0,10.5,2.9
2025-10-24T03:00:00Z,Calgary,9.9,37,0,3.1,3.14
2025-10-24T04:00:00Z,Calgary,10.4,34,0,10.1,3.18
2025-10-24T05:00:00Z,Calgary,9.8,40,0,11.5,3.06
2025-10-24T06:00:00Z,Calgary,10.2,39,0,13,2.88
2025-10-24T07:00:00Z,Calgary,10.6,39,0,7.8,2.81
2025-10-24T08:00:00Z,Calgary,8.9,40,0,7.7,2.87
2025-10-24T09:00:00Z,Calgary,8.5,42,0,9.2,2.97
2025-10-24T10:00:00Z,Calgary,8.8,45,0,8.9,3.06
2025-10-24T11:00:00Z,Calgary,11.8,40,0,13,2.91
2025-10-24T12:00:00Z,Calgary,11.9,40,0,12.9,3.05
2025-10-24T13:00:00Z,Calgary,10.2,49,0,4.3,3
2025-10-24T14:00:00Z,Calgary,9.4,36,0,13.9,3.09
2025-10-24T15:00:00Z,Calgary,8.3,43,0,5.2,3.29
2025-10-24T16:00:00Z,Calgary,10.1,43,0,12.6,3.65
2025-10-24T17:00:00Z,Calgary,11.7,40,0,10.8,3.85
2025-10-24T18:00:00Z,Calgary,13,39,0,12.6,3.86
2025-10-24T19:00:00Z,Calgary,15.9,30,0,21.3,3.63
2025-10-24T20:00:00Z,Calgary,18.1,22,0,25.3,3.33
2025-10-24T21:00:00Z,Calgary,18.5,20,0,24.4,3.05
2025-10-24T22:00:00Z,Calgary,19.1,16,0,23.8,2.98
2025-10-24T23:00:00Z,Calgary,19,15,0,24.7,2.98
2025-10-25T00:00:00Z,Calgary,16.8,17,0,14.2,2.98
2025-10-25T01:00:00Z,Calgary,15,19,0,15.2,3
2025-10-25T02:00:00Z,Calgary,13.7,23,0,17.9,2.97
2025-10-25T03:00:00Z,Calgary,13.5,25,0,17.9,2.94
2025-10-25T04:00:00Z,Calgary,13.4,25,0,22.2,2.83
2025-10-25T05:00:00Z,Calgary,13,29,0,17.1,2.75
2025-10-25T06:00:00Z,Calgary,12.9,29,0,16.5,2.71
2025-10-25T07:00:00Z,Calgary,12.4,31,0,15.5,2.7
2025-10-25T08:00:00Z,Calgary,11.4,37,0,13.1,2.72
2025-10-25T09:00:00Z,Calgary,10.6,42,0,14.8,2.72
2025-10-25T10:00:00Z,Calgary,10.9,40,0,17,2.65
2025-10-25T11:00:00Z,Calgary,9.9,48,0,6.6,2.57
2025-10-25T12:00:00Z,Calgary,8.8,54,0,21,2.51
2025-10-25T13:00:00Z,Calgary,7.4,55,0,17.5,2.52
2025-10-25T14:00:00Z,Calgary,6.3,52,0,6.8,2.51
2025-10-25T15:00:00Z,Calgary,7.6,38,0,15.2,2.5
2025-10-25T16:00:00Z,Calgary,10.1,29,0,32.4,2.5
2025-10-25T17:00:00Z,Calgary,11.6,19,0,24.5,2.54
2025-10-25T18:00:00Z,Calgary,12.7,21,0,17.6,2.51
2025-10-25T19:00:00Z,Calgary,13.4,18,0,7.1,2.56
2025-10-25T20:00:00Z,Calgary,13.9,18,0,6.6,2.57
2025-10-25T21:00:00Z,Calgary,13.8,21,0,10.2,2.69
2025-10-25T22:00:00Z,Calgary,13.4,17,0,23.5,2.63
2025-10-25T23:00:00Z,Calgary,12.1,20,0,15.7,2.65
2025-10-26T00:00:00Z,Calgary,10.8,28,0,15.9,2.62
2025-10-26T01:00:00Z,Calgary,10.7,35,0,16.3,2.54
2025-10-26T02:00:00Z,Calgary,9.5,38,0,12.5,2.47
2025-10-26T03:00:00Z,Calgary,8,41,0,10.2,2.4
2025-10-26T04:00:00Z,Calgary,6.6,45,0,10.5,2.39
2025-10-26T05:00:00Z,Calgary,5.8,51,0,10.9,2.34
2025-10-26T06:00:00Z,Calgary,6.5,53,0,8.3,2.3
2025-10-26T07:00:00Z,Calgary,7,57,0,6.3,2.23
2025-10-26T08:00:00Z,Calgary,6.1,61,0,3.3,2.16
2025-10-26T09:00:00Z,Calgary,6.2,58,0,1.1,2.1
2025-10-26T10:00:00Z,Calgary,5.6,60,0,3.5,2.1
2025-10-26T11:00:00Z,Calgary,5.7,54,0,7.1,2.22
2025-10-26T12:00:00Z,Calgary,5.6,51,0,5.7,2.11
2025-10-26T13:00:00Z,Calgary,5,51,0,8.5,2.23
2025-10-26T14:00:00Z,Calgary,3.8,53,0,2.9,2.5
2025-10-26T15:00:00Z,Calgary,3.4,52,0,6.6,2.6
2025-10-26T16:00:00Z,Calgary,6.4,41,0,8.7,2.72
2025-10-26T17:00:00Z,Calgary,8.6,35,0,16,2.41
2025-10-26T18:00:00Z,Calgary,9.8,30,0,24.1,2.16
2025-10-26T19:00:00Z,Calgary,10.8,27,0,24,2.19
2025-10-26T20:00:00Z,Calgary,10.8,27,0,25.9,2.17
2025-10-26T21:00:00Z,Calgary,10.8,25,0,26.2,2.1
2025-10-26T22:00:00Z,Calgary,9.6,26,0,29.2,2.1
2025-10-26T23:00:00Z,Calgary,8.5,32,0,23.7,2.13
2025-10-27T00:00:00Z,Calgary,7.1,38,0,24.7,2.13
2025-10-20T01:00:00Z,Vancouver,10.4,82,0,20.8,1.73
2025-10-20T02:00:00Z,Vancouver,10,88,0,18,1.8
2025-10-20T03:00:00Z,Vancouver,9.9,89,0,14.1,1.83
2025-10-20T04:00:00Z,Vancouver,9.5,88,0,8.3,1.79
2025-10-20T05:00:00Z,Vancouver,9.1,88,0,6.8,1.73
2025-10-20T06:00:00Z,Vancouver,8.8,88,0,7.2,1.64
2025-10-20T07:00:00Z,Vancouver,8.5,89,0,0.8,1.56
2025-10-20T08:00:00Z,Vancouver,7.4,89,0,5.9,1.5
2025-10-20T09:00:00Z,Vancouver,7.1,89,0,5.6,1.47
2025-10-20T10:00:00Z,Vancouver,6.7,93,0,6.1,1.49
2025-10-20T11:00:00Z,Vancouver,6.9,89,0,6.1,1.51
2025-10-20T12:00:00Z,Vancouver,6.6,89,0,6.4,1.56
2025-10-20T13:00:00Z,Vancouver,7.3,93,0,5.9,1.6
2025-10-20T14:00:00Z,Vancouver,7,90,0,7.4,1.6
2025-10-20T15:00:00Z,Vancouver,7.3,94,0,5.9,1.64
2025-10-20T16:00:00Z,Vancouver,8.5,93,0,8,1.68
2025-10-20T17:00:00Z,Vancouver,9.3,91,0,10.2,1.73
2025-10-20T18:00:00Z,Vancouver,10.2,94,0,9.4,1.72
2025-10-20T19:00:00Z,Vancouver,10.7,90,0,9.2,1.72
2025-10-20T20:00:00Z,Vancouver,11.5,89,0,9.7,1.72
2025-10-20T21:00:00Z,Vancouver,11.7,86,0,5.1,1.76
2025-10-20T22:00:00Z,Vancouver,11.4,87,0,4.8,1.77
2025-10-20T23:00:00Z,Vancouver,10.9,89,0,5.8,1.77
2025-10-21T00:00:00Z,Vancouver,10.5,94,0.2,8,1.76
2025-10-21T01:00:00Z,Vancouver,10.3,92,0,9.4,1.75
2025-10-21T02:00:00Z,Vancouver,10,91,0,7.9,1.73
2025-10-21T03:00:00Z,Vancouver,9.8,91,0,7.7,1.7
2025-10-21T04:00:00Z,Vancouver,10.1,89,0,8.1,1.71
2025-10-21T05:00:00Z,Vancouver,10.3,87,0,8.3,1.67
2025-10-21T06:00:00Z,Vancouver,10.2,88,0,8.3,1.58
2025-10-21T07:00:00Z,Vancouver,10.2,87,0,6.9,1.44
2025-10-21T08:00:00Z,Vancouver,10.4,89,0,8.5,1.3
2025-10-21T09:00:00Z,Vancouver,9.9,92,0,8.2,1.2
2025-10-21T10:00:00Z,Vancouver,9.9,93,0,7.4,1.11
2025-10-21T11:00:00Z,Vancouver,9.8,92,0,7.7,1.07
2025-10-21T12:00:00Z,Vancouver,9.8,94,0,6.8,1.04
2025-10-21T13:00:00Z,Vancouver,10.2,93,0,7.7,1.05
2025-10-21T14:00:00Z,Vancouver,10,95,0,7.6,1.14
2025-10-21T15:00:00Z,Vancouver,10.2,95,0,6.5,1.16
2025-10-21T16:00:00Z,Vancouver,10.2,95,0,7.3,1.28
2025-10-21T17:00:00Z,Vancouver,10.6,95,0,9.4,1.34
2025-10-21T18:00:00Z,Vancouver,11,93,0,9.7,1.51
2025-10-21T19:00:00Z,Vancouver,11.5,93,0,10,1.54
2025-10-21T20:00:00Z,Vancouver,12.1,89,0,8.4,1.58
2025-10-21T21:00:00Z,Vancouver,12.7,83,0,7.2,1.64
2025-10-21T22:00:00Z,Vancouver,13,82,0,4.2,1.72
2025-10-21T23:00:00Z,Vancouver,13.2,79,0,3.4,1.81
2025-10-22T00:00:00Z,Vancouver,11.7,93,0,12.2,1.87
2025-10-22T01:00:00Z,Vancouver,10.1,91,0,7.3,1.85
2025-10-22T02:00:00Z,Vancouver,9.4,86,0,2.6,1.78
2025-10-22T03:00:00Z,Vancouver,8.8,83,0,9.3,1.6
2025-10-22T04:00:00Z,Vancouver,8.6,77,0,6.1,1.4
2025-10-22T05:00:00Z,Vancouver,8,81,0,4.9,1.22
2025-10-22T06:00:00Z,Vancouver,7.8,82,0,2.3,1.11
2025-10-22T07:00:00Z,Vancouver,7.4,79,0,3.2,1.03
2025-10-22T08:00:00Z,Vancouver,7.2,74,0,4.5,1
2025-10-22T09:00:00Z,Vancouver,6.6,77,0,4.7,1
2025-10-22T10:00:00Z,Vancouver,6.3,78,0,3.1,1.02
2025-10-22T11:00:00Z,Vancouver,6.2,76,0,4.7,1.05
2025-10-22T12:00:00Z,Vancouver,5.4,82,0,4.4,1.04
2025-10-22T13:00:00Z,Vancouver,4.7,80,0,9.7,1.23
2025-10-22T14:00:00Z,Vancouver,4.9,84,0,3.3,1.34
2025-10-22T15:00:00Z,Vancouver,5.5,79,0,3.4,1.42
2025-10-22T16:00:00Z,Vancouver,6.2,89,0,10.2,1.19
2025-10-22T17:00:00Z,Vancouver,7.9,95,0,6,1.44
2025-10-22T18:00:00Z,Vancouver,9.9,92,0,7.2,1.42
2025-10-22T19:00:00Z,Vancouver,11.4,79,0,12.1,1.46
2025-10-22T20:00:00Z,Vancouver,11.6,77,0,12.1,1.5
2025-10-22T21:00:00Z,Vancouver,10,93,0,7.6,1.57
2025-10-22T22:00:00Z,Vancouver,10.1,94,2.6,6.1,1.56
2025-10-22T23:00:00Z,Vancouver,11.1,95,0,11.8,1.62
2025-10-23T00:00:00Z,Vancouver,11.2,87,0,13,1.68
2025-10-23T01:00:00Z,Vancouver,10.4,88,0,6.2,1.76
2025-10-23T02:00:00Z,Vancouver,10.2,91,0,8,1.81
2025-10-23T03:00:00Z,Vancouver,9.8,89,0,8.9,1.85
2025-10-23T04:00:00Z,Vancouver,9.8,89,0,6,1.9
2025-10-23T05:00:00Z,Vancouver,9.4,90,0,7.4,1.93
2025-10-23T06:00:00Z,Vancouver,9.6,90,0,8.1,1.87
2025-10-23T07:00:00Z,Vancouver,9.3,88,0,6.9,1.79
2025-10-23T08:00:00Z,Vancouver,9.1,91,0,7.2,1.68
2025-10-23T09:00:00Z,Vancouver,9.3,92,0,8.9,1.62
2025-10-23T10:00:00Z,Vancouver,10,89,0,11.4,1.5
2025-10-23T11:00:00Z,Vancouver,10.3,88,0,8.9,1.38
2025-10-23T12:00:00Z,Vancouver,10.4,89,0,9.5,1.36
2025-10-23T13:00:00Z,Vancouver,10.8,89,0,7.5,1.41
2025-10-23T14:00:00Z,Vancouver,10.8,91,0,11.8,1.51
2025-10-23T15:00:00Z,Vancouver,10.9,91,0,14.4,1.61
2025-10-23T16:00:00Z,Vancouver,11.2,95,0,11.1,1.78
2025-10-23T17:00:00Z,Vancouver,11.8,94,0,13.4,1.92
2025-10-23T18:00:00Z,Vancouver,12,92,0,10,1.97
2025-10-23T19:00:00Z,Vancouver,12.5,92,0,11.9,1.86
2025-10-23T20:00:00Z,Vancouver,13.6,89,0,13.5,2.09
2025-10-23T21:00:00Z,Vancouver,14.3,85,0,11.9,2.11
2025-10-23T22:00:00Z,Vancouver,13.7,85,0,9.4,1.83
2025-10-23T23:00:00Z,Vancouver,13.6,83,0,9,1.86
2025-10-24T00:00:00Z,Vancouver,13.1,83,0,13.6,1.89
2025-10-24T01:00:00Z,Vancouver,12.6,87,0,11.3,1.87
2025-10-24T02:00:00Z,Vancouver,12.8,83,0,15.2,1.84
2025-10-24T03:00:00Z,Vancouver,12.9,79,0,15.2,1.77
2025-10-24T04:00:00Z,Vancouver,12.7,81,0,20,1.62
2025-10-24T05:00:00Z,Vancouver,12.4,82,0,18.5,1.5
2025-10-24T06:00:00Z,Vancouver,12.6,79,0,21.7,1.41
2025-10-24T07:00:00Z,Vancouver,12.5,81,0,16.6,1.37
2025-10-24T08:00:00Z,Vancouver,12.4,80,0,20.1,1.37
2025-10-24T09:00:00Z,Vancouver,12.4,81,0,16.8,1.48
2025-10-24T10:00:00Z,Vancouver,12.3,81,0,18.9,1.67
2025-10-24T11:00:00Z,Vancouver,12.2,80,0,16,1.8
2025-10-24T12:00:00Z,Vancouver,12.2,83,0.3,7.7,1.76
2025-10-24T13:00:00Z,Vancouver,12.4,80,0.1,22.9,1.65
2025-10-24T14:00:00Z,Vancouver,12.4,82,0.1,14.5,1.58
2025-10-24T15:00:00Z,Vancouver,12.2,84,1,17.3,1.64
2025-10-24T16:00:00Z,Vancouver,11.7,90,3.2,16.5,1.77
2025-10-24T17:00:00Z,Vancouver,11.6,94,2.1,15.1,1.88
2025-10-24T18:00:00Z,Vancouver,11.9,90,2.3,19,1.9
2025-10-24T19:00:00Z,Vancouver,12.1,91,0.1,20.6,1.85
2025-10-24T20:00:00Z,Vancouver,11.3,91,3.9,13.8,1.78
2025-10-24T21:00:00Z,Vancouver,11.8,78,0.7,4.9,1.81
2025-10-24T22:00:00Z,Vancouver,12.1,91,0,6.6,1.93
2025-10-24T23:00:00Z,Vancouver,11.7,91,0,9,2.08
2025-10-25T00:00:00Z,Vancouver,10.8,92,0,9.7,2.14
2025-10-25T01:00:00Z,Vancouver,10.5,94,0.1,11.4,2.06
2025-10-25T02:00:00Z,Vancouver,10.1,94,0,5.6,1.99
2025-10-25T03:00:00Z,Vancouver,9.8,94,0,7.1,1.91
2025-10-25T04:00:00Z,Vancouver,9.7,93,3.3,12.3,1.89
2025-10-25T05:00:00Z,Vancouver,9.7,91,0.1,8.2,1.9
2025-10-25T06:00:00Z,Vancouver,8.8,97,0,6.8,1.94
2025-10-25T07:00:00Z,Vancouver,7.9,93,0,4.2,1.98
2025-10-25T08:00:00Z,Vancouver,7.9,93,0,8.6,1.95
2025-10-25T09:00:00Z,Vancouver,8.3,94,0,11.3,1.9
2025-10-25T10:00:00Z,Vancouver,7.9,93,0,9.7,1.82
2025-10-25T11:00:00Z,Vancouver,7.6,93,0,11.2,1.73
2025-10-25T12:00:00Z,Vancouver,7.2,93,0,10.6,1.65
2025-10-25T13:00:00Z,Vancouver,6.9,90,0,10.6,1.58
2025-10-25T14:00:00Z,Vancouver,7.4,86,0,9.1,1.54
2025-10-25T15:00:00Z,Vancouver,7.9,78,0,8.2,1.52
2025-10-25T16:00:00Z,Vancouver,8.2,81,0,13.9,1.53
2025-10-25T17:00:00Z,Vancouver,8.9,79,0,10.3,1.57
2025-10-25T18:00:00Z,Vancouver,9.4,76,1,20.1,1.61
2025-10-25T19:00:00Z,Vancouver,9.1,78,0.1,17.3,1.65
2025-10-25T20:00:00Z,Vancouver,8.4,83,0,18.8,1.69
2025-10-25T21:00:00Z,Vancouver,9.5,74,0,13.7,1.7
2025-10-25T22:00:00Z,Vancouver,9.6,78,0,13.5,1.72
2025-10-25T23:00:00Z,Vancouver,9.2,87,0.2,19.6,1.76
2025-10-26T00:00:00Z,Vancouver,8.4,85,0.6,17.6,1.76
2025-10-26T01:00:00Z,Vancouver,8.1,89,0.1,14.4,1.74
2025-10-26T02:00:00Z,Vancouver,8.3,85,0.1,15.8,1.7
2025-10-26T03:00:00Z,Vancouver,8.4,83,0,22.5,1.78
2025-10-26T04:00:00Z,Vancouver,8.6,89,0,14.5,1.91
2025-10-26T05:00:00Z,Vancouver,8.3,95,0.7,15.5,1.99
2025-10-26T06:00:00Z,Vancouver,8.2,90,0.1,15.3,2.04
2025-10-26T07:00:00Z,Vancouver,8.2,93,0.3,14.6,2.02
2025-10-26T08:00:00Z,Vancouver,8.3,91,2.2,9.2,1.96
2025-10-26T09:00:00Z,Vancouver,8.2,89,0,13.9,1.95
2025-10-26T10:00:00Z,Vancouver,8.6,76,0,13.4,1.99
2025-10-26T11:00:00Z,Vancouver,8,75,0,16.6,2.06
2025-10-26T12:00:00Z,Vancouver,7.5,76,0,8.9,2.11
2025-10-26T13:00:00Z,Vancouver,7.1,85,0,9.7,2.09
2025-10-26T14:00:00Z,Vancouver,7.1,86,0,7.5,2
2025-10-26T15:00:00Z,Vancouver,7.5,78,0,5.3,1.91
2025-10-26T16:00:00Z,Vancouver,7.6,87,0,6.8,1.85
2025-10-26T17:00:00Z,Vancouver,8,94,0,10.2,1.85
2025-10-26T18:00:00Z,Vancouver,6.8,84,0,10.4,1.85
2025-10-26T19:00:00Z,Vancouver,9,84,0,10.9,1.85
2025-10-26T20:00:00Z,Vancouver,9.5,81,0,7,1.85
2025-10-26T21:00:00Z,Vancouver,9.2,79,0,3.2,1.85
2025-10-26T22:00:00Z,Vancouver,8.8,90,0.1,3.9,1.84
2025-10-26T23:00:00Z,Vancouver,7.6,97,0,5.4,1.83
2025-10-27T00:00:00Z,Vancouver,7.1,93,0,5.7,1.81
2025-10-20T01:00:00Z,Toronto,15.7,88,0.1,18.7,2.08
2025-10-20T02:00:00Z,Toronto,15.1,86,0.1,18.8,1.96
2025-10-20T03:00:00Z,Toronto,14.8,90,0.6,18,1.88
2025-10-20T04:00:00Z,Toronto,14.6,96,0.4,18.7,1.85
2025-10-20T05:00:00Z,Toronto,14.1,94,2.5,19.3,1.86
2025-10-20T06:00:00Z,Toronto,13.6,91,1.4,22.1,1.87
2025-10-20T07:00:00Z,Toronto,12.9,91,0.3,15.3,1.64
2025-10-20T08:00:00Z,Toronto,12.1,91,0.1,22.5,1.41
2025-10-20T09:00:00Z,Toronto,11.5,87,0.9,20.6,1.18
2025-10-20T10:00:00Z,Toronto,11.2,85,0.7,15,1.32
2025-10-20T11:00:00Z,Toronto,11.1,85,0,14.7,1.54
2025-10-20T12:00:00Z,Toronto,10.9,85,0,13.4,1.62
2025-10-20T13:00:00Z,Toronto,11.2,85,0,17.1,1.75
2025-10-20T14:00:00Z,Toronto,11.7,82,0,17.3,1.81
2025-10-20T15:00:00Z,Toronto,12,71,0,19.5,1.76
2025-10-20T16:00:00Z,Toronto,13.4,66,0,18,1.65
2025-10-20T17:00:00Z,Toronto,14.6,54,0,17.8,1.53
2025-10-20T18:00:00Z,Toronto,15.2,52,0,19.9,1.51
2025-10-20T19:00:00Z,Toronto,15.1,46,0,21.7,1.56
2025-10-20T20:00:00Z,Toronto,14.8,47,0,21.3,1.55
2025-10-20T21:00:00Z,Toronto,14.1,46,0,16.8,1.49
2025-10-20T22:00:00Z,Toronto,12.3,55,0,12.3,1.41
2025-10-20T23:00:00Z,Toronto,10.8,59,0,11.9,1.43
2025-10-21T00:00:00Z,Toronto,9.9,68,0,9.7,1.54
2025-10-21T01:00:00Z,Toronto,9.2,68,0,9,1.61
2025-10-21T02:00:00Z,Toronto,8.2,74,0,8.7,1.77
2025-10-21T03:00:00Z,Toronto,8.5,79,0,7.1,1.86
2025-10-21T04:00:00Z,Toronto,8.9,78,0,8.4,1.96
2025-10-21T05:00:00Z,Toronto,8,75,0,3.9,1.94
2025-10-21T06:00:00Z,Toronto,7.3,71,0,4.9,1.91
2025-10-21T07:00:00Z,Toronto,7.1,70,0,3.8,1.9
2025-10-21T08:00:00Z,Toronto,8.2,63,0,7.1,1.79
2025-10-21T09:00:00Z,Toronto,8.6,64,0,7.9,1.7
2025-10-21T10:00:00Z,Toronto,8.4,77,0,5.2,1.59
2025-10-21T11:00:00Z,Toronto,8.9,81,0,9.9,1.55
2025-10-21T12:00:00Z,Toronto,10.4,74,0,11.5,1.57
2025-10-21T13:00:00Z,Toronto,11.9,77,0,13.3,1.64
2025-10-21T14:00:00Z,Toronto,13.4,74,0,14.2,1.72
2025-10-21T15:00:00Z,Toronto,13.5,73,0,18.8,1.86
2025-10-21T16:00:00Z,Toronto,13.7,73,0,29.1,1.89
2025-10-21T17:00:00Z,Toronto,14.4,74,0,17.5,1.98
2025-10-21T18:00:00Z,Toronto,13.4,82,0,21,2.02
2025-10-21T19:00:00Z,Toronto,14.6,84,0,14.9,2.14
2025-10-21T20:00:00Z,Toronto,15.9,62,0,16.2,2.21
2025-10-21T21:00:00Z,Toronto,14.9,57,0,12.7,2.21
2025-10-21T22:00:00Z,Toronto,13.9,57,0,9.4,2.21
2025-10-21T23:00:00Z,Toronto,13.2,63,0,16.2,2.4
2025-10-22T00:00:00Z,Toronto,12.4,67,0,12.9,2.61
2025-10-22T01:00:00Z,Toronto,11.6,71,0,16.3,2.74
2025-10-22T02:00:00Z,Toronto,9.7,70,0,20.1,2.53
2025-10-22T03:00:00Z,Toronto,8.9,73,0,9.5,2.27
2025-10-22T04:00:00Z,Toronto,9.1,80,0,9.4,2.1
2025-10-22T05:00:00Z,Toronto,9.4,81,0,12.2,2.05
2025-10-22T06:00:00Z,Toronto,8.8,84,0.1,17.9,2.04
2025-10-22T07:00:00Z,Toronto,8.6,85,0,7.7,1.93
2025-10-22T08:00:00Z,Toronto,9.1,79,0,15.3,1.87
2025-10-22T09:00:00Z,Toronto,8.6,80,0,14.5,1.77
2025-10-22T10:00:00Z,Toronto,7.8,82,0,11.6,1.77
2025-10-22T11:00:00Z,Toronto,7.3,81,0,13.3,1.78
2025-10-22T12:00:00Z,Toronto,6.8,88,0,12.4,1.79
2025-10-22T13:00:00Z,Toronto,8.1,83,0,12.2,1.8
2025-10-22T14:00:00Z,Toronto,8.9,81,0,11.8,1.8
2025-10-22T15:00:00Z,Toronto,10,80,0,10.2,1.7
2025-10-22T16:00:00Z,Toronto,10.9,74,0,13.3,1.63
2025-10-22T17:00:00Z,Toronto,11,74,0,17.8,1.54
2025-10-22T18:00:00Z,Toronto,11.2,69,0,15.5,1.46
2025-10-22T19:00:00Z,Toronto,9.6,80,0.7,18.2,1.42
2025-10-22T20:00:00Z,Toronto,9.7,88,0,14.3,1.4
2025-10-22T21:00:00Z,Toronto,9.6,84,0,12.8,1.41
2025-10-22T22:00:00Z,Toronto,9.1,87,0.4,11.2,1.39
2025-10-22T23:00:00Z,Toronto,8.3,87,0,8,1.35
2025-10-23T00:00:00Z,Toronto,7.4,89,0,9.6,1.32
2025-10-23T01:00:00Z,Toronto,7.2,89,0,10.5,1.33
2025-10-23T02:00:00Z,Toronto,7.3,87,0,9,1.34
2025-10-23T03:00:00Z,Toronto,6.4,83,0,10.4,1.33
2025-10-23T04:00:00Z,Toronto,6.8,86,0,13.2,1.3
2025-10-23T05:00:00Z,Toronto,7.2,86,0,13.2,1.25
2025-10-23T06:00:00Z,Toronto,7.1,85,0,17.1,1.22
2025-10-23T07:00:00Z,Toronto,7.1,85,0,10.8,1.21
2025-10-23T08:00:00Z,Toronto,6.7,81,0,14,1.26
2025-10-23T09:00:00Z,Toronto,6.9,83,0,15.3,1.34
2025-10-23T10:00:00Z,Toronto,7,84,0,11.9,1.4
2025-10-23T11:00:00Z,Toronto,6.6,88,0,9.2,1.48
2025-10-23T12:00:00Z,Toronto,7,87,0,10.9,1.55
2025-10-23T13:00:00Z,Toronto,7.9,88,0,9,1.57
2025-10-23T14:00:00Z,Toronto,9.9,83,0,11.7,1.57
2025-10-23T15:00:00Z,Toronto,10.9,79,0,12.5,1.56
2025-10-23T16:00:00Z,Toronto,11.9,70,0,10.7,1.54
2025-10-23T17:00:00Z,Toronto,12.8,65,0,13.2,1.49
2025-10-23T18:00:00Z,Toronto,12.4,69,0,17.1,1.43
2025-10-23T19:00:00Z,Toronto,11.9,76,0,11.9,1.38
2025-10-23T20:00:00Z,Toronto,11.2,72,0,15.6,1.38
2025-10-23T21:00:00Z,Toronto,10.9,78,0,5.9,1.37
2025-10-23T22:00:00Z,Toronto,9.7,77,0,13.1,1.43
2025-10-23T23:00:00Z,Toronto,9.5,82,0,7.3,1.49
2025-10-24T00:00:00Z,Toronto,8.2,85,0.4,12.4,1.48
2025-10-24T01:00:00Z,Toronto,7.2,85,0,7.7,1.42
2025-10-24T02:00:00Z,Toronto,6.4,83,0,8.4,1.39
2025-10-24T03:00:00Z,Toronto,6.1,87,0,8.6,1.44
2025-10-24T04:00:00Z,Toronto,5.8,83,0,8.9,1.56
2025-10-24T05:00:00Z,Toronto,5.9,85,0,7.9,1.6
2025-10-24T06:00:00Z,Toronto,5.4,84,0,8.3,1.65
2025-10-24T07:00:00Z,Toronto,5.6,85,0.2,6.2,1.57
2025-10-24T08:00:00Z,Toronto,6.2,83,0,11.3,1.52
2025-10-24T09:00:00Z,Toronto,6,82,0,11.4,1.41
2025-10-24T10:00:00Z,Toronto,5.7,86,0,9.2,1.37
2025-10-24T11:00:00Z,Toronto,5.5,84,0,11.8,1.38
2025-10-24T12:00:00Z,Toronto,5.3,85,0,9.3,1.46
2025-10-24T13:00:00Z,Toronto,6.7,84,0,10.1,1.5
2025-10-24T14:00:00Z,Toronto,8.2,81,0,11.9,1.51
2025-10-24T15:00:00Z,Toronto,9.8,72,0,14.9,1.42
2025-10-24T16:00:00Z,Toronto,10.6,65,0,13.2,1.41
2025-10-24T17:00:00Z,Toronto,10.6,62,0,13.3,1.35
2025-10-24T18:00:00Z,Toronto,11.4,58,0,12.5,1.33
2025-10-24T19:00:00Z,Toronto,11.7,52,0,15.4,1.35
2025-10-24T20:00:00Z,Toronto,11.4,55,0,13.4,1.43
2025-10-24T21:00:00Z,Toronto,10.5,60,0,10.7,1.58
2025-10-24T22:00:00Z,Toronto,9.4,61,0,7.2,1.68
2025-10-24T23:00:00Z,Toronto,8.8,68,0,10.8,1.79
2025-10-25T00:00:00Z,Toronto,8.2,79,0,5.1,1.85
2025-10-25T01:00:00Z,Toronto,6.9,80,0,5.5,1.84
2025-10-25T02:00:00Z,Toronto,5.9,85,0,6.9,1.74
2025-10-25T03:00:00Z,Toronto,5.6,79,0,8.3,1.68
2025-10-25T04:00:00Z,Toronto,5,82,0,7.2,1.57
2025-10-25T05:00:00Z,Toronto,4.3,86,0,7.6,1.5
2025-10-25T06:00:00Z,Toronto,3.7,91,0,6.8,1.46
2025-10-25T07:00:00Z,Toronto,3.5,90,0,7.4,1.42
2025-10-25T08:00:00Z,Toronto,3.7,88,0,6.6,1.39
2025-10-25T09:00:00Z,Toronto,3.2,86,0,6.1,1.34
2025-10-25T10:00:00Z,Toronto,2.7,84,0,4.2,1.37
2025-10-25T11:00:00Z,Toronto,2.5,81,0,3.5,1.39
2025-10-25T12:00:00Z,Toronto,2.3,80,0,3.8,1.46
2025-10-25T13:00:00Z,Toronto,4.5,87,0,1.4,1.62
2025-10-25T14:00:00Z,Toronto,7.4,90,0,5.4,1.85
2025-10-25T15:00:00Z,Toronto,10.1,78,0,6.9,2.06
2025-10-25T16:00:00Z,Toronto,11.4,65,0,5.8,2
2025-10-25T17:00:00Z,Toronto,11.9,69,0,7.9,1.88
2025-10-25T18:00:00Z,Toronto,12.4,68,0,9.4,1.69
2025-10-25T19:00:00Z,Toronto,12.4,57,0,11.4,1.72
2025-10-25T20:00:00Z,Toronto,12,55,0,9.4,1.75
2025-10-25T21:00:00Z,Toronto,11.6,58,0,8.2,1.83
2025-10-25T22:00:00Z,Toronto,9.9,54,0,11.1,1.82
2025-10-25T23:00:00Z,Toronto,7.9,63,0,9.6,1.79
2025-10-26T00:00:00Z,Toronto,6.9,67,0,13.4,1.74
2025-10-26T01:00:00Z,Toronto,5.8,71,0,9.3,1.77
2025-10-26T02:00:00Z,Toronto,5.2,72,0,11.1,1.77
2025-10-26T03:00:00Z,Toronto,4.6,72,0,10.6,1.69
2025-10-26T04:00:00Z,Toronto,4.1,75,0,11.5,1.6
2025-10-26T05:00:00Z,Toronto,3.7,74,0,13.4,1.55
2025-10-26T06:00:00Z,Toronto,2.9,81,0,12.5,1.51
2025-10-26T07:00:00Z,Toronto,2.2,82,0,9,1.47
2025-10-26T08:00:00Z,Toronto,1.4,87,0,6.2,1.44
2025-10-26T09:00:00Z,Toronto,0.6,84,0,6.2,1.44
2025-10-26T10:00:00Z,Toronto,0.1,85,0,6.7,1.43
2025-10-26T11:00:00Z,Toronto,-0.3,90,0,7.2,1.36
2025-10-26T12:00:00Z,Toronto,-0.1,88,0,10.7,1.34
2025-10-26T13:00:00Z,Toronto,1.5,79,0,13,1.35
2025-10-26T14:00:00Z,Toronto,4.2,75,0,12.9,1.35
2025-10-26T15:00:00Z,Toronto,6.3,66,0,11.2,1.33
2025-10-26T16:00:00Z,Toronto,7.7,60,0,9.4,1.3
2025-10-26T17:00:00Z,Toronto,8.6,58,0,6.5,1.31
2025-10-26T18:00:00Z,Toronto,9.7,54,0,3.7,1.34
2025-10-26T19:00:00Z,Toronto,9.6,58,0,4.4,1.42
2025-10-26T20:00:00Z,Toronto,9.4,57,0,4.2,1.45
2025-10-26T21:00:00Z,Toronto,9.2,55,0,6.1,1.46
2025-10-26T22:00:00Z,Toronto,7.2,63,0,8,1.45
2025-10-26T23:00:00Z,Toronto,5.4,67,0,4.3,1.58
2025-10-27T00:00:00Z,Toronto,5,62,0,4.7,1.79
2025-10-20T01:00:00Z,Victoria,11.1,72,0,24.2,2.23
2025-10-20T02:00:00Z,Victoria,10.2,79,0,18,2.25
2025-10-20T03:00:00Z,Victoria,10,81,0,15.2,2.25
2025-10-20T04:00:00Z,Victoria,10,78,0,17.7,2.22
2025-10-20T05:00:00Z,Victoria,9.8,84,0,17,2.17
2025-10-20T06:00:00Z,Victoria,9.6,85,0,9.7,2.12
2025-10-20T07:00:00Z,Victoria,9.3,86,0,9.1,2.02
2025-10-20T08:00:00Z,Victoria,8.8,85,0,6.2,1.93
2025-10-20T09:00:00Z,Victoria,8.1,82,0,4.4,1.85
2025-10-20T10:00:00Z,Victoria,8,87,0,6,1.81
2025-10-20T11:00:00Z,Victoria,8.1,86,0,6.6,1.81
2025-10-20T12:00:00Z,Victoria,7.4,81,0,6.7,1.8
2025-10-20T13:00:00Z,Victoria,7.8,79,0,8.8,1.82
2025-10-20T14:00:00Z,Victoria,7.9,82,0,9.2,1.85
2025-10-20T15:00:00Z,Victoria,8.3,84,0,9.2,1.9
2025-10-20T16:00:00Z,Victoria,9.6,88,0,7.6,1.93
2025-10-20T17:00:00Z,Victoria,11.1,83,0,8.6,1.95
2025-10-20T18:00:00Z,Victoria,10.8,80,0,7.4,1.84
2025-10-20T19:00:00Z,Victoria,10.9,82,0,7.6,1.78
2025-10-20T20:00:00Z,Victoria,12.2,80,0,6.3,1.76
2025-10-20T21:00:00Z,Victoria,12.4,73,0,8,1.82
2025-10-20T22:00:00Z,Victoria,12.8,75,0,6.6,1.83
2025-10-20T23:00:00Z,Victoria,11.5,80,0,8.3,1.76
2025-10-21T00:00:00Z,Victoria,10.9,84,0.2,5.3,1.72
2025-10-21T01:00:00Z,Victoria,10.7,87,0,8.1,1.66
2025-10-21T02:00:00Z,Victoria,9.8,87,0,1.4,1.58
2025-10-21T03:00:00Z,Victoria,9.3,83,0,4,1.52
2025-10-21T04:00:00Z,Victoria,9.1,78,0,1.8,1.43
2025-10-21T05:00:00Z,Victoria,8.8,77,0,5.2,1.31
2025-10-21T06:00:00Z,Victoria,8.8,79,0,5,1.15
2025-10-21T07:00:00Z,Victoria,8.1,79,0,6.8,1.1
2025-10-21T08:00:00Z,Victoria,7.5,89,0,8.7,2
2025-10-21T09:00:00Z,Victoria,8.3,90,0,7.7,1.19
2025-10-21T10:00:00Z,Victoria,8,91,0,7.1,1.11
2025-10-21T11:00:00Z,Victoria,7.7,90,0,6.6,1
2025-10-21T12:00:00Z,Victoria,7.2,89,0,6.5,1
2025-10-21T13:00:00Z,Victoria,7.2,91,0,3.6,1
2025-10-21T14:00:00Z,Victoria,7,92,0,4.1,1
2025-10-21T15:00:00Z,Victoria,7.7,94,0,6.4,1
2025-10-21T16:00:00Z,Victoria,8.6,96,0,0.8,1
2025-10-21T17:00:00Z,Victoria,10,98,0,0.4,1.09
2025-10-21T18:00:00Z,Victoria,10.3,95,0,4,1.24
2025-10-21T19:00:00Z,Victoria,11.5,90,0,4,1.25
2025-10-21T20:00:00Z,Victoria,12.1,87,0,7,1.25
2025-10-21T21:00:00Z,Victoria,13.2,82,0,9.2,1.25
2025-10-21T22:00:00Z,Victoria,13.3,82,0,7.9,1.34
2025-10-21T23:00:00Z,Victoria,13.5,78,0,9,1.5
2025-10-22T00:00:00Z,Victoria,12.3,82,0,11.4,1.62
2025-10-22T01:00:00Z,Victoria,10.6,82,0,10,1.63
2025-10-22T02:00:00Z,Victoria,9.4,90,0,7.4,1.58
2025-10-22T03:00:00Z,Victoria,8.4,90,0,9.2,1.45
2025-10-22T04:00:00Z,Victoria,7.8,88,0,5.4,1.38
2025-10-22T05:00:00Z,Victoria,7.2,90,0,7.9,1.31
2025-10-22T06:00:00Z,Victoria,7,92,0,7.9,1.23
2025-10-22T07:00:00Z,Victoria,6.9,93,0,8.4,1.18
2025-10-22T08:00:00Z,Victoria,6.7,94,0,8.7,1.02
2025-10-22T09:00:00Z,Victoria,6.7,92,0,8.8,1
2025-10-22T10:00:00Z,Victoria,6.4,90,0,9.8,1
2025-10-22T11:00:00Z,Victoria,6.6,93,0,8.9,1
2025-10-22T12:00:00Z,Victoria,6.3,93,0,8.7,1
2025-10-22T13:00:00Z,Victoria,6.3,94,0,9.4,1
2025-10-22T14:00:00Z,Victoria,6.4,95,0,9.3,1.03
2025-10-22T15:00:00Z,Victoria,6.7,95,0,7.6,1.04
2025-10-22T16:00:00Z,Victoria,7.6,97,0,3,1.08
2025-10-22T17:00:00Z,Victoria,9,99,0,4.8,1.03
2025-10-22T18:00:00Z,Victoria,9.5,95,0,4.7,1.07
2025-10-22T19:00:00Z,Victoria,10.1,91,0,7.7,1.11
2025-10-22T20:00:00Z,Victoria,9.7,100,0,2.2,1.23
2025-10-22T21:00:00Z,Victoria,9.8,94,1.1,8.3,1.41
2025-10-22T22:00:00Z,Victoria,12.4,85,0,10.8,1.72
2025-10-22T23:00:00Z,Victoria,11.3,89,0,14.1,2.05
2025-10-23T00:00:00Z,Victoria,11.4,84,0,10.5,2.09
2025-10-23T01:00:00Z,Victoria,10,88,0,5.2,1.94
2025-10-23T02:00:00Z,Victoria,9.9,85,0,6.6,1.71
2025-10-23T03:00:00Z,Victoria,10.1,78,0,4.4,1.65
2025-10-23T04:00:00Z,Victoria,10.6,83,0,5.8,1.58
2025-10-23T05:00:00Z,Victoria,9.9,78,0,5.7,1.55
2025-10-23T06:00:00Z,Victoria,9.2,76,0,4.6,1.55
2025-10-23T07:00:00Z,Victoria,8.8,88,0,10.7,1.31
2025-10-23T08:00:00Z,Victoria,9.1,88,0,8.4,1.14
2025-10-23T09:00:00Z,Victoria,9.4,87,0,5.4,1.05
2025-10-23T10:00:00Z,Victoria,8.6,92,0,5.8,1
2025-10-23T11:00:00Z,Victoria,8.7,88,0,3.4,1
2025-10-23T12:00:00Z,Victoria,8.4,83,0,6,1
2025-10-23T13:00:00Z,Victoria,9.1,88,0,7.6,1
2025-10-23T14:00:00Z,Victoria,9.5,86,0.1,7.8,1
2025-10-23T15:00:00Z,Victoria,9.8,83,0,6.4,1
2025-10-23T16:00:00Z,Victoria,10.3,90,0,5.6,1.11
2025-10-23T17:00:00Z,Victoria,11.4,92,0,5.8,1.2
2025-10-23T18:00:00Z,Victoria,12.4,90,0,8,1.36
2025-10-23T19:00:00Z,Victoria,12.9,94,0,5,1.47
2025-10-23T20:00:00Z,Victoria,14.6,83,0,4.1,1.57
2025-10-23T21:00:00Z,Victoria,14.2,91,0,5.3,1.59
2025-10-23T22:00:00Z,Victoria,14.5,87,0,1.3,1.62
2025-10-23T23:00:00Z,Victoria,14.8,81,0,4,1.69
2025-10-24T00:00:00Z,Victoria,13.3,88,0,4.6,1.73
2025-10-24T01:00:00Z,Victoria,11.9,89,0,2.5,1.79
2025-10-24T02:00:00Z,Victoria,11.7,83,0,5.8,1.79
2025-10-24T03:00:00Z,Victoria,11.1,81,0,4.6,1.82
2025-10-24T04:00:00Z,Victoria,10.4,85,0,4.2,2
2025-10-24T05:00:00Z,Victoria,10.4,86,0,10.5,2
2025-10-24T06:00:00Z,Victoria,10.1,83,0,8.9,1.55
2025-10-24T08:00:00Z,Victoria,10.2,79,0,7.3,1.14
2025-10-24T09:00:00Z,Victoria,9.6,76,0,8,1
2025-10-24T10:00:00Z,Victoria,9.7,84,0,8.4,1
2025-10-24T11:00:00Z,Victoria,10.5,77,0,1.6,1
2025-10-24T12:00:00Z,Victoria,10.6,80,0,11.4,1
2025-10-24T13:00:00Z,Victoria,12.3,72,0,20.2,1.13
2025-10-24T14:00:00Z,Victoria,12.2,78,0,5.1,1.29
2025-10-24T15:00:00Z,Victoria,11.2,85,0.2,11.8,1.39
2025-10-24T16:00:00Z,Victoria,11.5,89,0.5,13.8,1.51
2025-10-24T17:00:00Z,Victoria,11.9,93,0.8,11.6,1.56
2025-10-24T18:00:00Z,Victoria,11.9,91,1.2,8.7,1.69
2025-10-24T19:00:00Z,Victoria,11.4,92,1.5,14.5,1.71
2025-10-24T20:00:00Z,Victoria,11.3,83,1.1,15.9,2.13
2025-10-24T21:00:00Z,Victoria,12.3,80,0,12.7,2.28
2025-10-24T22:00:00Z,Victoria,12,77,0,14.8,2.24
2025-10-24T23:00:00Z,Victoria,11.8,81,0,10,2.22
2025-10-25T00:00:00Z,Victoria,11.1,81,0,7.4,2.16
2025-10-25T01:00:00Z,Victoria,10.5,81,0,3.3,2.12
2025-10-25T02:00:00Z,Victoria,10,84,0,13.7,2.09
2025-10-25T03:00:00Z,Victoria,9.4,89,2.2,11.5,2.11
2025-10-25T04:00:00Z,Victoria,8.6,94,0,7.6,2.17
2025-10-25T05:00:00Z,Victoria,7.9,88,0,9.4,1.94
2025-10-25T06:00:00Z,Victoria,7.5,84,0,4.6,1.78
2025-10-25T07:00:00Z,Victoria,7.3,83,0,6,1.73
2025-10-25T08:00:00Z,Victoria,7.5,90,0,11,2
2025-10-25T09:00:00Z,Victoria,7.2,89,0,6.6,1.4
2025-10-25T10:00:00Z,Victoria,7.3,86,0,10.4,1.42
2025-10-25T11:00:00Z,Victoria,7.8,86,0,14.4,1.43
2025-10-20T01:00:00Z,Ottawa,20.6,52,0,15.4,2.98
2025-10-20T02:00:00Z,Ottawa,20.8,52,0,17.3,2.96
2025-10-20T03:00:00Z,Ottawa,21.4,52,0,16.9,3.04
2025-10-20T04:00:00Z,Ottawa,21.3,56,0,14.3,3.12
2025-10-20T05:00:00Z,Ottawa,20.8,54,0,14.2,3.22
2025-10-20T06:00:00Z,Ottawa,19.2,65,0,10.8,3.11
2025-10-20T07:00:00Z,Ottawa,17.5,79,0,10.1,2.95
2025-10-20T08:00:00Z,Ottawa,17.1,78,0,7.2,2.7
2025-10-20T09:00:00Z,Ottawa,16.1,87,0.5,3.8,2.55
2025-10-20T10:00:00Z,Ottawa,15,97,2.8,3.3,2.38
2025-10-20T11:00:00Z,Ottawa,14.8,97,1.9,1.1,2.31
2025-10-20T12:00:00Z,Ottawa,14.9,96,0.5,0.5,2.29
2025-10-20T13:00:00Z,Ottawa,15.1,96,0.9,5.6,2.32
2025-10-20T14:00:00Z,Ottawa,15.3,94,0,6.1,2.31
2025-10-20T15:00:00Z,Ottawa,15.5,91,0.1,4.6,2.26
2025-10-20T16:00:00Z,Ottawa,14.9,95,0,11.4,2.11
2025-10-20T17:00:00Z,Ottawa,13.7,91,0,15.5,1.61
2025-10-20T18:00:00Z,Ottawa,13.3,91,0,13.7,1.16
2025-10-20T19:00:00Z,Ottawa,12.2,94,2,13,1
2025-10-20T20:00:00Z,Ottawa,12.1,93,5.1,13.8,1
2025-10-20T21:00:00Z,Ottawa,11.6,92,2.8,16.5,1
2025-10-20T22:00:00Z,Ottawa,11.4,89,0.7,17.6,1.01
2025-10-20T23:00:00Z,Ottawa,11.1,86,0.9,18.8,1.18
2025-10-21T00:00:00Z,Ottawa,10.8,86,0,19.1,1.31
2025-10-21T01:00:00Z,Ottawa,10.6,82,0,17.9,1.4
2025-10-21T02:00:00Z,Ottawa,10.1,84,0,18,1.45
2025-10-21T03:00:00Z,Ottawa,9.9,80,0,21.2,1.51
2025-10-21T04:00:00Z,Ottawa,10,80,0,9.3,1.55
2025-10-21T05:00:00Z,Ottawa,9.7,84,0,9.8,1.57
2025-10-21T06:00:00Z,Ottawa,9.7,85,0,11.6,1.6
2025-10-21T07:00:00Z,Ottawa,9.7,86,0,8.3,1.52
2025-10-21T08:00:00Z,Ottawa,9.7,85,0,10.4,1.39
2025-10-21T09:00:00Z,Ottawa,9.4,86,0,10.5,1.24
2025-10-21T10:00:00Z,Ottawa,8.8,87,0.1,14,1.17
2025-10-21T11:00:00Z,Ottawa,8.4,84,0,13,1.21
2025-10-21T12:00:00Z,Ottawa,7.9,83,0,11,1.28
2025-10-21T13:00:00Z,Ottawa,8,84,0,9.6,1.41
2025-10-21T14:00:00Z,Ottawa,8.9,75,0,10.9,1.44
2025-10-21T15:00:00Z,Ottawa,10.7,68,0,8.7,1.45
2025-10-21T16:00:00Z,Ottawa,12.2,61,0,9.9,1.48
2025-10-21T17:00:00Z,Ottawa,13.6,58,0,12.5,1.56
2025-10-21T18:00:00Z,Ottawa,14.2,57,0,8.3,1.65
2025-10-21T19:00:00Z,Ottawa,14.1,58,0,10,1.68
2025-10-21T20:00:00Z,Ottawa,13.4,64,0,8,1.69
2025-10-21T21:00:00Z,Ottawa,12.6,67,0,6.1,1.72
2025-10-21T22:00:00Z,Ottawa,11.7,78,0,5.4,1.8
2025-10-21T23:00:00Z,Ottawa,11.2,83,0,5.8,1.9
2025-10-22T00:00:00Z,Ottawa,11.1,82,0,2.3,1.94
2025-10-22T01:00:00Z,Ottawa,11.3,81,0,0.8,1.92
2025-10-22T02:00:00Z,Ottawa,10.4,79,0,1.6,1.86
2025-10-22T03:00:00Z,Ottawa,9.9,86,0,1.1,1.86
2025-10-22T04:00:00Z,Ottawa,9.2,85,0,2.6,1.86
2025-10-22T05:00:00Z,Ottawa,8.3,89,0,5.6,1.79
2025-10-22T06:00:00Z,Ottawa,7.8,90,0,3.1,1.62
2025-10-22T07:00:00Z,Ottawa,7.6,93,0,2.9,1.44
2025-10-22T08:00:00Z,Ottawa,7.3,93,0,3.4,1.34
2025-10-22T09:00:00Z,Ottawa,7.3,93,0,5.2,1.31
2025-10-22T10:00:00Z,Ottawa,7.8,95,0,4.1,1.31
2025-10-22T11:00:00Z,Ottawa,7.2,97,0,4.6,1.3
2025-10-22T12:00:00Z,Ottawa,7.9,99,0,8,1.33
2025-10-22T13:00:00Z,Ottawa,8.9,93,0,4.7,1.41
2025-10-22T14:00:00Z,Ottawa,9.7,87,0,9.4,1.52
2025-10-22T15:00:00Z,Ottawa,9.4,88,0,4.5,1.65
2025-10-22T16:00:00Z,Ottawa,9.9,86,0,6.6,1.75
2025-10-22T17:00:00Z,Ottawa,10.6,87,0.2,7.5,1.88
2025-10-22T18:00:00Z,Ottawa,10.9,83,0,9.8,2
2025-10-22T19:00:00Z,Ottawa,10.5,87,0,8,2.07
2025-10-22T20:00:00Z,Ottawa,11.1,79,0.1,10,2.07
2025-10-22T21:00:00Z,Ottawa,11.1,78,0,6.9,1.97
2025-10-22T22:00:00Z,Ottawa,10.6,79,0,5.4,1.91
2025-10-22T23:00:00Z,Ottawa,9.2,77,0,9.8,1.83
2025-10-23T00:00:00Z,Ottawa,8.2,81,0,7.8,1.71
2025-10-23T01:00:00Z,Ottawa,7.2,88,0,2.5,1.55
2025-10-23T02:00:00Z,Ottawa,6.7,87,0,3,1.43
2025-10-23T03:00:00Z,Ottawa,6.5,88,0,6.2,1.4
2025-10-23T04:00:00Z,Ottawa,6.3,92,0,5.8,1.4
2025-10-23T05:00:00Z,Ottawa,6.2,93,0,5,1.43
2025-10-23T06:00:00Z,Ottawa,5.9,92,0,2.6,1.41
2025-10-23T07:00:00Z,Ottawa,5.8,92,0,2.7,1.36
2025-10-23T08:00:00Z,Ottawa,6.7,95,0,4.9,1.27
2025-10-23T09:00:00Z,Ottawa,7.1,95,0,6.5,1.2
2025-10-23T10:00:00Z,Ottawa,7.1,94,0,3.9,1.16
2025-10-23T11:00:00Z,Ottawa,7.1,94,0,6.2,1.16
2025-10-23T12:00:00Z,Ottawa,7.2,93,0,5.1,1.16
2025-10-23T13:00:00Z,Ottawa,7.4,90,0,11.1,1.2
2025-10-23T14:00:00Z,Ottawa,7.9,93,0,10.6,1.24
2025-10-23T15:00:00Z,Ottawa,8.3,92,0,9.2,1.26
2025-10-23T16:00:00Z,Ottawa,7.9,91,0,7.9,1.25
2025-10-23T17:00:00Z,Ottawa,8.7,89,0.1,9.9,1.23
2025-10-23T18:00:00Z,Ottawa,10,80,0,12.4,1.19
2025-10-23T19:00:00Z,Ottawa,9.7,83,0,13.8,1.11
2025-10-23T20:00:00Z,Ottawa,9.5,76,0,15.8,1.11
2025-10-23T21:00:00Z,Ottawa,9.3,73,0,13.7,1.17
2025-10-23T22:00:00Z,Ottawa,8.1,74,0,9,1.29
2025-10-23T23:00:00Z,Ottawa,7.5,77,0,5.9,1.34
2025-10-24T00:00:00Z,Ottawa,6.6,80,0,4.8,1.33
2025-10-24T01:00:00Z,Ottawa,6,77,0,5.8,1.4
2025-10-24T02:00:00Z,Ottawa,4.9,82,0,2.3,1.39
2025-10-24T03:00:00Z,Ottawa,4.1,87,0,2.5,1.38
2025-10-24T04:00:00Z,Ottawa,3.7,88,0,3.5,1.24
2025-10-24T05:00:00Z,Ottawa,3.6,91,0,4.8,1.23
2025-10-24T06:00:00Z,Ottawa,3.5,90,0,4.5,1.18
2025-10-24T07:00:00Z,Ottawa,3.6,91,0,5.8,1.19
2025-10-24T08:00:00Z,Ottawa,3.6,91,0,2.8,1.13
2025-10-24T09:00:00Z,Ottawa,3.5,87,0,3.6,1.14
2025-10-24T10:00:00Z,Ottawa,4.2,86,0,2.7,1.09
2025-10-24T11:00:00Z,Ottawa,3.5,87,0,4.3,1.12
2025-10-24T12:00:00Z,Ottawa,3.6,90,0,4.7,1.2
2025-10-24T13:00:00Z,Ottawa,4.9,91,0,5,1.31
2025-10-24T14:00:00Z,Ottawa,5.6,84,0.1,9,1.33
2025-10-24T15:00:00Z,Ottawa,6.9,76,0,8.5,1.24
2025-10-24T16:00:00Z,Ottawa,7.2,72,0,10.3,1.17
2025-10-24T17:00:00Z,Ottawa,8,70,0,8.8,1.14
2025-10-24T18:00:00Z,Ottawa,8.2,69,0,11.4,1.17
2025-10-24T19:00:00Z,Ottawa,8.5,66,0,12,1.2
2025-10-24T20:00:00Z,Ottawa,8.3,64,0,12.7,1.22
2025-10-24T21:00:00Z,Ottawa,7.6,64,0,11.9,1.19
2025-10-24T22:00:00Z,Ottawa,6.7,67,0,8,1.12
2025-10-24T23:00:00Z,Ottawa,6.2,68,0,5.1,1.05
2025-10-25T00:00:00Z,Ottawa,6.2,68,0,6.5,1
2025-10-25T01:00:00Z,Ottawa,5.9,73,0,5.2,1
2025-10-25T02:00:00Z,Ottawa,5.6,79,0,5.6,1
2025-10-25T03:00:00Z,Ottawa,5.7,80,0,6.2,1
2025-10-25T04:00:00Z,Ottawa,5.5,78,0,5,1
2025-10-25T05:00:00Z,Ottawa,5.2,80,0,5.4,1
2025-10-25T06:00:00Z,Ottawa,5,83,0,5.9,1
2025-10-25T07:00:00Z,Ottawa,4.7,83,0,3.5,1
2025-10-25T08:00:00Z,Ottawa,4.3,82,0,4.2,1
2025-10-25T09:00:00Z,Ottawa,3.6,87,0,5.2,1
2025-10-25T10:00:00Z,Ottawa,2.9,89,0,4.2,1
2025-10-25T11:00:00Z,Ottawa,2.1,90,0,4.8,1
2025-10-25T12:00:00Z,Ottawa,1.9,90,0,4.9,1
2025-10-25T13:00:00Z,Ottawa,4,88,0,6.5,1.05
2025-10-25T14:00:00Z,Ottawa,5.8,79,0,7.6,1.13
2025-10-25T15:00:00Z,Ottawa,7,75,0,10.9,1.11
2025-10-25T16:00:00Z,Ottawa,7.6,71,0,12.3,1.11
2025-10-25T17:00:00Z,Ottawa,8.2,64,0,12.6,1.1
2025-10-25T18:00:00Z,Ottawa,8.8,59,0,13.4,1.18
2025-10-25T19:00:00Z,Ottawa,8.1,55,0,10.2,1.26
2025-10-25T20:00:00Z,Ottawa,8.2,54,0,8.4,1.33
2025-10-25T21:00:00Z,Ottawa,7.6,55,0,7.6,1.41
2025-10-25T22:00:00Z,Ottawa,6.6,53,0,7.3,1.49
2025-10-25T23:00:00Z,Ottawa,5.4,56,0,6.5,1.54
2025-10-26T00:00:00Z,Ottawa,4.4,62,0,6.3,1.59
2025-10-26T01:00:00Z,Ottawa,3.6,68,0,3.6,1.63
2025-10-26T02:00:00Z,Ottawa,3,75,0,2.2,1.61
2025-10-26T03:00:00Z,Ottawa,2.2,79,0,5.5,1.59
2025-10-26T04:00:00Z,Ottawa,1.5,87,0,4.5,1.54
2025-10-26T05:00:00Z,Ottawa,0.9,86,0,3.5,1.48
2025-10-26T06:00:00Z,Ottawa,0.7,86,0,2.2,1.31
2025-10-26T07:00:00Z,Ottawa,0.5,86,0,1.8,1.15
2025-10-26T08:00:00Z,Ottawa,0.4,88,0,1.5,1.05
2025-10-26T09:00:00Z,Ottawa,0.3,89,0,6.2,1.04
2025-10-26T10:00:00Z,Ottawa,0.6,89,0,7.4,1.03
2025-10-26T11:00:00Z,Ottawa,0.9,86,0,5.5,1.02
2025-10-26T12:00:00Z,Ottawa,1.1,83,0,4.6,1.02
2025-10-26T13:00:00Z,Ottawa,2.8,90,0,6.2,1.02
2025-10-26T14:00:00Z,Ottawa,3.9,84,0,9.9,1.08
2025-10-26T15:00:00Z,Ottawa,5.2,73,0,10.8,1.17
2025-10-26T16:00:00Z,Ottawa,6.3,65,0,7.9,1.27
2025-10-26T17:00:00Z,Ottawa,6.5,64,0,8.3,1.32
2025-10-26T18:00:00Z,Ottawa,7.2,61,0,7.6,1.33
2025-10-26T19:00:00Z,Ottawa,7.6,61,0,5.6,1.37
2025-10-26T20:00:00Z,Ottawa,7.3,58,0,8.9,1.4
2025-10-26T21:00:00Z,Ottawa,7,61,0,8.7,1.43
2025-10-26T22:00:00Z,Ottawa,5.9,57,0,7.7,1.47
2025-10-26T23:00:00Z,Ottawa,4.4,63,0,5.7,1.52
2025-10-27T00:00:00Z,Ottawa,3.6,66,0,3.5,1.6
